{
  "properties": {
    "connectionReferences": {
      "shared_approvals-1": {
        "runtimeSource": "embedded",
        "connection": {
          "connectionReferenceLogicalName": "synapx_sharedapprovals_ba389"
        },
        "api": {
          "name": "shared_approvals"
        }
      },
      "shared_commondataserviceforapps": {
        "runtimeSource": "embedded",
        "connection": {
          "connectionReferenceLogicalName": "synapx_sharedcommondataserviceforapps_30323"
        },
        "api": {
          "name": "shared_commondataserviceforapps"
        }
      }
    },
    "definition": {
      "$schema": "https://schema.management.azure.com/providers/Microsoft.Logic/schemas/2016-06-01/workflowdefinition.json#",
      "contentVersion": "1.0.0.0",
      "parameters": {
        "$connections": {
          "defaultValue": {},
          "type": "Object"
        },
        "$authentication": {
          "defaultValue": {},
          "type": "SecureObject"
        },
        "Pipeline Approver's List From UAT to Prod (synapx_PipelineApproversListFromUATtoProd)": {
          "defaultValue": "akshansh99@71tjl3.onmicrosoft.com",
          "type": "String",
          "metadata": {
            "schemaName": "synapx_PipelineApproversListFromUATtoProd"
          }
        },
        "Pipeline Approver's List From Test to UAT (synapx_PipelineApproversListFromTesttoUAT)": {
          "defaultValue": "akshansh99@71tjl3.onmicrosoft.com",
          "type": "String",
          "metadata": {
            "schemaName": "synapx_PipelineApproversListFromTesttoUAT"
          }
        }
      },
      "triggers": {
        "When_an_action_is_performed": {
          "metadata": {
            "operationMetadataId": "2b531f36-eca2-4a0d-8635-baa6f06a5eb9"
          },
          "type": "OpenApiConnectionWebhook",
          "inputs": {
            "host": {
              "connectionName": "shared_commondataserviceforapps",
              "operationId": "BusinessEventsTrigger",
              "apiId": "/providers/Microsoft.PowerApps/apis/shared_commondataserviceforapps"
            },
            "parameters": {
              "catalog": "commoncatalog",
              "category": "powerplatformpipelines",
              "subscriptionRequest/entityname": "none",
              "subscriptionRequest/sdkmessagename": "OnPreDeploymentStarted"
            },
            "authentication": "@parameters('$authentication')"
          },
          "conditions": [
            {
              "expression": "@equals(triggerOutputs()?['body/OutputParameters/DeploymentPipelineName'], 'Test Pipeline')"
            }
          ]
        }
      },
      "actions": {
        "Switch": {
          "runAfter": {},
          "cases": {
            "Case": {
              "case": "SIT/QA to UAT",
              "actions": {
                "Start_and_wait_for_an_approval_-_SIT_to_UAT": {
                  "runAfter": {},
                  "metadata": {
                    "operationMetadataId": "72f1e942-fb50-4a24-89cf-eaf5dcf910c3"
                  },
                  "type": "OpenApiConnectionWebhook",
                  "inputs": {
                    "host": {
                      "connectionName": "shared_approvals-1",
                      "operationId": "StartAndWaitForAnApproval",
                      "apiId": "/providers/Microsoft.PowerApps/apis/shared_approvals"
                    },
                    "parameters": {
                      "approvalType": "Basic",
                      "WebhookApprovalCreationInput/title": "Approval Needed for app_name App Deployment",
                      "WebhookApprovalCreationInput/assignedTo": "@parameters('Pipeline Approver''s List From Test to UAT (synapx_PipelineApproversListFromTesttoUAT)')",
                      "WebhookApprovalCreationInput/details": "*****app_name Application Needs Approval to Deploy to UAT*******",
                      "WebhookApprovalCreationInput/enableNotifications": true,
                      "WebhookApprovalCreationInput/enableReassignment": true
                    },
                    "authentication": "@parameters('$authentication')"
                  }
                },
                "Condition": {
                  "actions": {
                    "Perform_an_unbound_action_-_Approve_the_UAT_pipeline_run": {
                      "runAfter": {},
                      "metadata": {
                        "operationMetadataId": "63829765-6c81-47a1-9e8f-fcf0346b82b0"
                      },
                      "type": "OpenApiConnection",
                      "inputs": {
                        "host": {
                          "connectionName": "shared_commondataserviceforapps",
                          "operationId": "PerformUnboundAction",
                          "apiId": "/providers/Microsoft.PowerApps/apis/shared_commondataserviceforapps"
                        },
                        "parameters": {
                          "actionName": "UpdatePreDeploymentStepStatus",
                          "item/Comments": "@body('Start_and_wait_for_an_approval_-_SIT_to_UAT')?['responses'][0]?['comments']",
                          "item/PreDeploymentStepStatus": 20,
                          "item/StageRunId": "@triggerOutputs()?['body/InputParameters/StageRunId']"
                        },
                        "authentication": "@parameters('$authentication')"
                      }
                    }
                  },
                  "runAfter": {
                    "Start_and_wait_for_an_approval_-_SIT_to_UAT": [
                      "Succeeded"
                    ]
                  },
                  "else": {
                    "actions": {
                      "Perform_an_unbound_action_-_Reject_the_UAT_pipeline_run": {
                        "runAfter": {},
                        "metadata": {
                          "operationMetadataId": "63829765-6c81-47a1-9e8f-fcf0346b82b0"
                        },
                        "type": "OpenApiConnection",
                        "inputs": {
                          "host": {
                            "connectionName": "shared_commondataserviceforapps",
                            "operationId": "PerformUnboundAction",
                            "apiId": "/providers/Microsoft.PowerApps/apis/shared_commondataserviceforapps"
                          },
                          "parameters": {
                            "actionName": "UpdatePreDeploymentStepStatus",
                            "item/Comments": "@body('Start_and_wait_for_an_approval_-_SIT_to_UAT')?['responses'][0]?['comments']",
                            "item/PreDeploymentStepStatus": 30,
                            "item/StageRunId": "@triggerOutputs()?['body/InputParameters/StageRunId']"
                          },
                          "authentication": "@parameters('$authentication')"
                        }
                      }
                    }
                  },
                  "expression": {
                    "and": [
                      {
                        "contains": [
                          "@outputs('Start_and_wait_for_an_approval_-_SIT_to_UAT')?['body/outcome']",
                          "Approve"
                        ]
                      }
                    ]
                  },
                  "metadata": {
                    "operationMetadataId": "afe9f9d1-6435-43bf-9144-643e0e0b933c"
                  },
                  "type": "If"
                }
              }
            },
            "Case_2": {
              "case": "UAT to Prod",
              "actions": {
                "Start_and_wait_for_an_approval_-_UAT_to_Prod": {
                  "runAfter": {},
                  "metadata": {
                    "operationMetadataId": "72f1e942-fb50-4a24-89cf-eaf5dcf910c3"
                  },
                  "type": "OpenApiConnectionWebhook",
                  "inputs": {
                    "host": {
                      "connectionName": "shared_approvals-1",
                      "operationId": "StartAndWaitForAnApproval",
                      "apiId": "/providers/Microsoft.PowerApps/apis/shared_approvals"
                    },
                    "parameters": {
                      "approvalType": "Basic",
                      "WebhookApprovalCreationInput/title": "Approval Needed for app_name App Deployment",
                      "WebhookApprovalCreationInput/assignedTo": "@parameters('Pipeline Approver''s List From UAT to Prod (synapx_PipelineApproversListFromUATtoProd)')",
                      "WebhookApprovalCreationInput/details": "*****app_name Application Needs Approval to Deploy to Prod*******",
                      "WebhookApprovalCreationInput/enableNotifications": true,
                      "WebhookApprovalCreationInput/enableReassignment": true
                    },
                    "authentication": "@parameters('$authentication')"
                  }
                },
                "Condition_1": {
                  "actions": {
                    "Perform_an_unbound_action_-_Approve_the_Prod_pipeline_run": {
                      "runAfter": {},
                      "metadata": {
                        "operationMetadataId": "63829765-6c81-47a1-9e8f-fcf0346b82b0"
                      },
                      "type": "OpenApiConnection",
                      "inputs": {
                        "host": {
                          "connectionName": "shared_commondataserviceforapps",
                          "operationId": "PerformUnboundAction",
                          "apiId": "/providers/Microsoft.PowerApps/apis/shared_commondataserviceforapps"
                        },
                        "parameters": {
                          "actionName": "UpdatePreDeploymentStepStatus",
                          "item/Comments": "@body('Start_and_wait_for_an_approval_-_UAT_to_Prod')?['responses'][0]?['comments']",
                          "item/PreDeploymentStepStatus": 20,
                          "item/StageRunId": "@triggerOutputs()?['body/InputParameters/StageRunId']"
                        },
                        "authentication": "@parameters('$authentication')"
                      }
                    }
                  },
                  "runAfter": {
                    "Start_and_wait_for_an_approval_-_UAT_to_Prod": [
                      "Succeeded"
                    ]
                  },
                  "else": {
                    "actions": {
                      "Perform_an_unbound_action_-_Reject_the_Prod_pipeline_run": {
                        "runAfter": {},
                        "metadata": {
                          "operationMetadataId": "63829765-6c81-47a1-9e8f-fcf0346b82b0"
                        },
                        "type": "OpenApiConnection",
                        "inputs": {
                          "host": {
                            "connectionName": "shared_commondataserviceforapps",
                            "operationId": "PerformUnboundAction",
                            "apiId": "/providers/Microsoft.PowerApps/apis/shared_commondataserviceforapps"
                          },
                          "parameters": {
                            "actionName": "UpdatePreDeploymentStepStatus",
                            "item/Comments": "@body('Start_and_wait_for_an_approval_-_UAT_to_Prod')?['responses'][0]?['comments']",
                            "item/PreDeploymentStepStatus": 30,
                            "item/StageRunId": "@triggerOutputs()?['body/InputParameters/StageRunId']"
                          },
                          "authentication": "@parameters('$authentication')"
                        }
                      }
                    }
                  },
                  "expression": {
                    "and": [
                      {
                        "contains": [
                          "@outputs('Start_and_wait_for_an_approval_-_UAT_to_Prod')?['body/outcome']",
                          "Approve"
                        ]
                      }
                    ]
                  },
                  "metadata": {
                    "operationMetadataId": "e1299e45-7c61-4ff6-a043-afb513fd9b25"
                  },
                  "type": "If"
                }
              }
            }
          },
          "default": {
            "actions": {}
          },
          "expression": "@triggerOutputs()?['body/OutputParameters/DeploymentStageName']",
          "metadata": {
            "operationMetadataId": "9e19c1c5-9365-42db-bda9-c02998842bf9"
          },
          "type": "Switch"
        }
      }
    },
    "templateName": ""
  },
  "schemaVersion": "1.0.0.0"
}