<environmentvariabledefinition schemaname="synapx_PipelineApproversListFromUATtoProd">
  <description default="Add semicolon separated emails of the approvers for this stage">
    <label description="Add semicolon separated emails of the approvers for this stage" languagecode="1033" />
  </description>
  <displayname default="Pipeline Approver's List From UAT to Prod">
    <label description="Pipeline Approver's List From UAT to Prod" languagecode="1033" />
  </displayname>
  <introducedversion>1.0.0.1</introducedversion>
  <iscustomizable>1</iscustomizable>
  <isrequired>0</isrequired>
  <secretstore>0</secretstore>
  <type>100000000</type>
</environmentvariabledefinition>